month,Sub_metering_1_kWh,Sub_metering_2_kWh,Sub_metering_3_kWh,Other_kWh,Total_kWh,observed_minutes,calendar_minutes,coverage
2006-12-01,27.460000,48.712000,162.951000,457.765033,696.888033,21992,44640,0.492652
2007-01-01,56.433000,79.274000,329.578000,684.912700,1150.197700,44638,44640,0.999955
2007-02-01,47.584000,64.604000,270.274000,559.019433,941.481433,40318,40320,0.999950
2007-03-01,60.769000,104.762000,290.361000,525.144533,981.036533,44639,44640,0.999978
2007-04-01,42.078000,38.417000,189.503000,316.359767,586.357767,39477,43200,0.913819
2007-05-01,75.737000,72.132000,229.448000,356.164200,733.481200,44640,44640,1.000000
2007-06-01,59.672000,69.939000,188.851000,276.251800,594.713800,43157,43200,0.999005
2007-07-01,43.052000,55.733000,154.815000,241.463833,495.063833,44509,44640,0.997065
2007-08-01,36.251000,49.711000,225.442000,256.870333,568.274333,44618,44640,0.999507
2007-09-01,52.841000,75.277000,226.375000,343.383767,697.876767,43198,43200,0.999954
2007-10-01,43.218000,87.914000,256.080000,434.060833,821.272833,44638,44640,0.999955
2007-11-01,50.823000,73.666000,299.690000,507.798400,931.977400,43198,43200,0.999954
2007-12-01,74.090000,82.931000,362.423000,690.625500,1210.069500,44639,44640,0.999978
2008-01-01,61.761000,62.911000,312.175000,649.309367,1086.156367,44639,44640,0.999978
2008-02-01,40.192000,56.646000,255.918000,469.428533,822.184533,41757,41760,0.999928
2008-03-01,63.110000,79.277000,279.670000,504.452900,926.509900,44639,44640,0.999978
2008-04-01,47.080000,70.871000,295.678000,389.870867,803.499867,43200,43200,1.000000
2008-05-01,53.084000,58.907000,290.620000,359.420000,762.031000,44638,44640,0.999955
2008-06-01,68.728000,63.449000,290.103000,293.452867,715.732867,43199,43200,0.999977
2008-07-01,47.313000,44.416000,227.228000,272.333300,591.290300,44638,44640,0.999955
2008-08-01,3.873000,22.264000,79.665000,99.896000,205.698000,44638,44640,0.999955
2008-09-01,52.376000,44.590000,284.282000,329.881867,711.129867,43200,43200,1.000000
2008-10-01,44.093000,63.228000,275.887000,461.733000,844.941000,44597,44640,0.999037
2008-11-01,58.067000,55.887000,280.615000,603.910333,998.479333,43191,43200,0.999792
2008-12-01,45.107000,39.459000,307.346000,555.319867,947.231867,44569,44640,0.998409
2009-01-01,74.651000,72.952000,329.606000,571.957800,1049.166800,44639,44640,0.999978
2009-02-01,47.098000,50.684000,296.166000,443.086833,837.034833,40256,40320,0.998413
2009-03-01,64.645000,48.427000,328.697000,470.880767,912.649767,44638,44640,0.999955
2009-04-01,54.506000,52.601000,307.840000,406.311733,821.258733,43198,43200,0.999954
2009-05-01,43.570000,50.099000,311.048000,348.780167,753.497167,44636,44640,0.999910
2009-06-01,31.362000,29.801000,259.969000,237.901000,559.033000,39895,43200,0.923495
2009-07-01,18.226000,42.528000,187.936000,211.150733,459.840733,44636,44640,0.999910
2009-08-01,34.023000,38.217000,192.064000,220.302733,484.606733,43749,44640,0.980040
2009-09-01,51.602000,46.144000,296.547000,316.183067,710.476067,43197,43200,0.999931
2009-10-01,54.728000,53.729000,327.505000,415.516667,851.478667,44639,44640,0.999978
2009-11-01,60.445000,53.473000,335.529000,468.347033,917.794033,43199,43200,0.999977
2009-12-01,57.801000,53.490000,383.909000,519.883433,1015.083433,44638,44640,0.999955
2010-01-01,53.887000,56.568000,395.913000,483.292967,989.660967,41509,44640,0.929861
2010-02-01,49.268000,53.590000,411.714000,409.956433,924.528433,40318,40320,0.999950
2010-03-01,35.089000,60.872000,324.352000,382.285300,802.598300,42613,44640,0.954592
2010-04-01,38.196000,36.476000,336.091000,328.872400,739.635400,43199,43200,0.999977
2010-05-01,48.107000,52.376000,364.625000,349.765333,814.873333,44639,44640,0.999978
2010-06-01,65.747000,47.675000,306.934000,277.734400,698.090400,43198,43200,0.999954
2010-07-01,17.667000,34.359000,192.912000,291.524533,536.462533,44639,44640,0.999978
2010-08-01,12.499000,26.983000,160.189000,168.718567,368.389567,37414,44640,0.838127
2010-09-01,36.865000,32.508000,257.861000,277.923067,605.157067,37963,43200,0.878773
2010-10-01,48.199000,60.220000,315.669000,441.461233,865.549233,44639,44640,0.999978
2010-11-01,46.162000,42.282000,247.113000,407.749467,743.306467,37263,43200,0.862569
